﻿41
1912,-8,1936,1096,3,True,True,True,True,False,True,True,True,True
01,メルセデス,True,False,False,False,True,True,True,False,False,False,False,False,,,,ハード,日付が変わると日課はリセットされます
02,カンナ,True,False,False,False,True,True,True,False,False,False,False,False,,,,,月曜になると週間はリセットされます
03,ナイトロード,True,False,False,False,True,True,True,False,False,False,False,False,,,,,
04,フレイムウィザード,True,False,False,False,True,True,True,False,False,False,False,False,,,,,   
05,デーモンアベンジャー,True,False,False,False,True,True,True,False,False,False,False,False,,,,, 
06,メカニック,True,False,False,False,True,True,True,False,False,False,False,False,,,,,
07,デーモンスレイヤー,True,False,False,False,True,True,True,False,False,False,False,False,,,,,
08,ゼノン 幹,True,False,False,False,True,True,True,False,False,False,False,False,,,,,
09,隠月,False,False,False,False,False,False,False,False,False,False,False,False,,,,,
10,ハヤト,False,False,False,False,False,False,False,False,False,False,False,False,,,,,
11,火毒,False,False,False,False,False,False,False,False,False,False,False,False,,,,,
12,ソウルマスター,False,False,False,False,False,False,False,False,False,False,False,False,,,,,
13,ルミナス,False,False,False,False,False,False,False,False,False,False,False,False,,,,,
14,ストライカー,False,False,False,False,False,False,False,False,False,False,False,False,,,,,
15,ワイルドハンター,False,False,False,False,False,False,False,False,False,False,False,False,,,,,
16,カイザー,False,False,False,False,False,False,False,False,False,False,False,False,,,,,
17,エンバス,False,False,False,False,False,False,False,False,False,False,False,False,,,,,
18,シャドー,False,False,False,False,False,False,False,False,False,False,False,False,,,,,
19,バイパー,False,False,False,False,False,False,False,False,False,False,False,False,,,,,
20,ウィンドシューター,False,False,False,False,False,False,False,False,False,False,False,False,,,,,
21,ボウマスター,False,False,False,False,False,False,False,False,False,False,False,False,,,,,
22,氷雷,False,False,False,False,False,False,False,False,False,False,False,False,,,,,
23,デュアルブレイド,False,False,False,False,False,False,False,False,False,False,False,False,,,,,
24,キャプテン 1,False,False,False,False,False,False,False,False,False,False,False,False,,,,,
25,パスファインダー,False,False,False,False,False,False,False,False,False,False,False,False,,,,,
26,ゼノン 味,False,False,False,False,False,False,False,False,False,False,False,False,,,,,
27,ゼノン 雫,False,False,False,False,False,False,False,False,False,False,False,False,,,,,
28,キネシス,False,False,False,False,False,False,False,False,False,False,False,False,,,,,
29,アラン,False,False,False,False,False,False,False,False,False,False,False,False,,,,,
30,パラディン,False,False,False,False,False,False,False,False,False,False,False,False,,,,,
31,クロスボウマスター,False,False,False,False,False,False,False,False,False,False,False,False,,,,,
32,ナイトウォーカー,False,False,False,False,False,False,False,False,False,False,False,False,,,,,
33,ヒーロー,False,False,False,False,False,False,False,False,False,False,False,False,,,,,
34,バトルメイジ,False,False,False,False,False,False,False,False,False,False,False,False,,,,,
35,アーク,False,False,False,False,False,False,False,False,False,False,False,False,,,,,
36,ビショップ,False,False,False,False,False,False,False,False,False,False,False,False,,,,,
37,ファントム,False,False,False,False,False,False,False,False,False,False,False,False,,,,,
38,エヴァン,False,False,False,False,False,False,False,False,False,False,False,False,,,,,
39,ダークナイト,False,False,False,False,False,False,False,False,False,False,False,False,,,,,
40,キャプテン 2,False,False,False,False,False,False,False,False,False,False,False,False,,,,,
41,シア,False,False,False,False,False,False,False,False,False,False,False,False,,,,,
